,Optode,Ksv,alpha,R0,Sample,left_fractionTrimmed,right_fractionTrimmed,bottom_fractionTrimmed,top_fractionTrimmed
0,1,-0.009237531,5.015642152,20,,0.32,0.22,0.17,0.52
1,12,0.014198598,0.118182397,6.084337095,L-2,0.32,0.22,0.17,0.52
2,7,0.019636,0.132612,5.634369,M-3,0.32,0.22,0.17,0.52
3,2,0.019720904,0.163786455,10.35930872,L-4,0.32,0.22,0.17,0.52
4,5,0.009957154,0.084917875,6.018493799,M-5,0.32,0.22,0.17,0.52
5,10,0.012149141,0.189803176,5.275407931,U-2,0.32,0.22,0.17,0.52
